Muhammed,Ali,codemuhammed@gmail.com,learnerNG
Palingram,Blogger,palingramblog@gmail.com,learnerSA
Henry,Jenkins,Henry4jenkins@gmail.com,trainerSA
Alex,Asomba,alexasomba@gmail.com,trainerNG
Solomon,Okafor,solomon.okafor@rocketmail.com,learnerNG
Peter,Eyiyere,petereyiyere@gmail.com,learnerSA
